{"cameraMode":{"drawMode":2,"name":"Shaded Wireframe","section":"Shading Mode"},"sceneLighting":true,"audioPlay":false,"sceneViewState":{"showFog":false,"showMaterialUpdate":false,"showSkybox":false,"showFlares":false,"showImageEffects":false,"showParticleSystems":false},"in2DMode":false,"pivot":{"x":1.3212906122207642,"y":-0.6715707182884216,"z":-3.508451223373413},"rotation":{"x":0.25291648507118227,"y":0.5486304759979248,"z":-0.17865203320980073,"w":0.7766733765602112},"size":2.105203866958618,"orthographic":false}